7,10/02/2021,15/02/2021,1,SVVL-0002,Month
6,20/02/2021,30/04/2021,3,SVHO-0928,Day
8,10/03/2021,19/03/2021,3,SVRO-0238,Month
12,20/02/2022,25/02/2022,3,SVHO-0928,Month
11,20/02/2022,01/03/2022,1,SVRO-7231,Day
9,10/03/2022,15/03/2022,3,SVHO-0928,Year
10,10/05/2022,19/05/2022,2,SVHO-9023,Month
3,15/05/2022,20/05/2022,1,SVVL-0123,Year
4,17/05/2022,22/05/2022,3,SVHO-0928,Month
2,18/05/2022,23/05/2022,4,SVRO-0238,Year
5,19/05/2022,21/05/2022,3,SVRO-7231,Hour
1,19/05/2022,22/05/2022,3,SVRO-0238,Month

